RUT,PERIODO,MATERIA,CURSO,CALIF
1,201920,CCL,2381,4.4
1,201920,CCO,3844,3.2
1,201920,CCO,3812,1.3
1,201922,CCL,2311,6.6
1,201922,CCL,2343,3.8
1,201922,CCO,3836,5.1
1,201922,CCL,2272,3.7
1,201922,CCO,3803,6.6
1,201922,CCL,2352,4.8
1,201922,CCL,2344,3.9
1,202020,CCL,2311,1.2
1,202020,CCL,2371,6.1
1,202020,CCL,2371,4.2
1,202020,CCL,2331,1.6
1,202020,CCO,3320,5.9
1,202020,CCO,3823,6.5
1,202020,CCO,3803,5.0
1,202022,CCO,3832,3.2
1,202022,CCL,2218,4.3
1,202022,CCO,3400,2.4
1,202120,CCL,2373,5.1
1,202120,CCL,1202,2.7
1,202120,CCO,0001,2.7
1,202120,CCL,2218,3.8
1,202120,CCL,2362,3.6
1,202120,CCO,3842,3.9
1,202120,CCL,2230,1.9
2,201920,CCO,3906,1.4
2,201920,CCL,2331,3.2
2,201920,CCL,1210,5.1
2,201920,CCO,3832,2.7
2,201920,CCL,2240,4.7
2,201920,CCL,2264,5.8
2,201920,CCL,1260,6.8
3,201920,CCO,3810,3.9
3,201920,CCL,1260,5.1
3,201920,CCL,1200,1.5
3,201920,CCL,2321,1.3
3,201920,CCL,1214,4.2
3,201920,CCO,3844,6.7
3,201920,CCL,0120,1.9
3,201922,CCL,2218,1.6
3,201922,CCO,3839,5.6
3,201922,CCL,0120,4.9
3,201922,CCO,3838,3.2
3,201922,CCO,3841,5.4
3,202020,CCL,2342,6.3
3,202020,CCL,2220,1.9
3,202020,CCL,2371,1.8
3,202020,CCO,3814,5.4
3,202020,CCL,2280,5.1
3,202022,CCO,3841,3.0
3,202022,CCL,2374,4.6
3,202022,CCL,2373,2.7
3,202022,CCL,2373,3.0
3,202022,CCL,2341,3.5
3,202022,CCL,2384,1.7
3,202022,CCL,2353,6.9
3,202120,CCL,1216,3.8
3,202120,CCO,3846,2.2
3,202120,CCL,2361,6.5
4,201920,CCO,3903,3.8
4,201920,CCO,3811,2.8
4,201920,CCL,2264,2.3
4,201920,CCO,3812,6.7
4,201920,CCL,2264,6.5
4,201922,CCL,2240,4.7
4,201922,CCL,1202,1.4
4,201922,CCL,2264,6.4
4,201922,CCL,2361,5.9
4,202020,CCO,3840,1.8
4,202020,CCL,0220,4.1
4,202020,CCL,0220,6.2
4,202020,CCL,2391,2.0
4,202020,CCL,2274,2.9
4,202020,CCL,2382,4.6
4,202020,CCO,3842,5.6
4,202022,CCO,3817,5.0
4,202022,CCO,3320,6.6
4,202120,CCL,2302,3.8
4,202120,CCL,2321,4.1
4,202120,CCO,3839,2.0
4,202120,CCL,2264,4.0
5,201920,CCO,3812,3.9
5,201920,CCL,2383,3.2
5,201920,CCO,3903,2.4
5,201920,CCO,3833,4.6
5,201920,CCL,2331,1.5
5,201920,CCL,2276,4.6
5,201920,CCO,3800,6.9
5,201922,CCO,3833,5.8
5,201922,CCO,2290,6.8
5,201922,CCL,1280,2.4
5,202020,CCO,3803,6.5
5,202020,CCO,2290,3.2
5,202020,CCO,3812,2.5
5,202020,CCO,3818,3.1
5,202020,CCO,3906,5.8
5,202020,CCO,3844,1.9
5,202020,CCO,3822,3.3
6,201920,CCO,3812,1.3
6,201920,CCL,1212,2.9
6,201920,CCL,2311,6.8
6,201920,CCO,3903,6.5
6,201920,CCO,3811,4.5
7,201920,CCO,3827,1.7
7,201920,CCL,2341,6.9
7,201920,CCL,2250,6.4
7,201920,CCL,2363,4.2
7,201920,CCO,0001,5.6
7,201920,CCL,2302,1.6
7,201920,CCL,2372,3.1
7,201922,CCL,2242,6.7
7,201922,CCO,3825,6.6
7,201922,CCO,3819,2.8
7,201922,CCL,2220,1.2
7,201922,CCO,3827,4.4
7,202020,CCO,0001,3.0
7,202020,CCL,2381,1.1
7,202020,CCL,2264,1.5
7,202020,CCO,3814,4.6
7,202020,CCL,2362,2.5
7,202020,CCO,3818,4.6
7,202020,CCO,3835,2.9
7,202022,CCL,2274,3.5
7,202022,CCL,1200,2.5
7,202022,CCL,2343,3.2
9,201922,CCO,3801,6.2
9,201922,CCO,3813,1.7
9,202020,CCO,3817,5.8
9,202020,CCL,2351,2.1
9,202020,CCO,3821,1.6
9,202020,CCL,2351,2.1
9,202020,CCO,3800,1.9
9,202020,CCO,3835,4.5
9,202020,CCO,3825,6.7
9,202022,CCO,3846,3.7
9,202022,CCL,2353,3.8
9,202022,CCO,0001,2.9
9,202022,CCL,2321,1.9
9,202022,CCL,2250,6.2
9,202120,CCL,2230,5.5
9,202120,CCO,3824,4.6
10,201920,CCO,2290,5.6
10,201920,CCL,0120,1.6
10,201920,CCL,2341,5.5
10,201920,CCL,2371,6.8
10,201922,CCO,0001,2.9
10,201922,CCL,0120,1.8
10,201922,CCL,2382,4.4
10,201922,CCO,3819,4.8
10,201922,CCO,3800,3.0
10,202020,CCL,1216,5.8
10,202020,CCL,2342,4.0
10,202020,CCO,3829,1.6
10,202020,CCO,3841,1.4
10,202020,CCO,3906,4.9
10,202022,CCO,3845,4.5
10,202022,CCO,3845,2.1
10,202022,CCL,1216,4.1
10,202022,CCL,2301,3.6
10,202022,CCL,2361,2.5
10,202022,CCO,3844,3.8
10,202120,CCL,2272,1.8
10,202120,CCL,2383,4.4
10,202120,CCL,0220,4.5
10,202120,CCL,2342,6.8
10,202120,CCO,3841,6.0
10,202120,CCO,3829,4.8
10,202120,CCL,2242,6.0
11,201920,CCL,0120,2.1
11,201920,CCO,3801,6.2
11,201920,CCO,3816,6.6
11,201922,CCL,2301,4.9
11,201922,CCL,1210,2.0
11,201922,CCO,3839,6.5
11,201922,CCL,2351,6.5
11,201922,CCL,2242,6.1
11,202020,CCL,1200,1.5
11,202020,CCO,3822,4.9
11,202022,CCO,3900,4.2
11,202022,CCO,3823,3.6
11,202022,CCL,2240,1.2
11,202120,CCO,0001,3.2
11,202120,CCL,2240,4.0
11,202120,CCO,3901,6.3
11,202120,CCL,2280,5.2
12,201920,CCO,3828,1.3
12,201920,CCL,1212,4.4
12,201920,CCL,2353,4.3
12,201922,CCL,2218,5.0
12,201922,CCL,2302,6.0
12,201922,CCL,2344,1.5
12,201922,CCL,2302,3.2
12,201922,CCO,3838,5.7
12,201922,CCL,2352,4.5
12,202020,CCO,3826,3.3
12,202020,CCO,3903,2.1
12,202020,CCO,3817,1.1
12,202020,CCO,3846,5.6
12,202020,CCL,2374,5.3
12,202020,CCL,2363,2.2
12,202020,CCO,3829,2.9
12,202022,CCO,3802,1.5
12,202022,CCO,3811,1.3
12,202022,CCO,3843,3.1
12,202022,CCL,2242,1.6
12,202022,CCO,3842,6.6
12,202022,CCL,2372,6.5
12,202022,CCO,3837,3.1
13,201920,CCL,2250,6.6
13,201920,CCL,2382,6.1
13,201920,CCL,1216,2.2
13,201920,CCL,2302,1.7
13,201920,CCO,3811,6.4
13,201920,CCL,2384,6.0
13,201920,CCO,3810,2.9
13,201922,CCL,2351,6.4
13,201922,CCL,2230,1.2
13,201922,CCO,3825,2.7
13,201922,CCO,3825,5.8
13,201922,CCL,1214,6.7
13,201922,CCO,3837,6.1
13,201922,CCL,2264,1.4
13,202020,CCL,2391,3.4
13,202020,CCO,3837,3.0
13,202020,CCO,3839,4.0
13,202020,CCO,0001,1.3
13,202020,CCL,1280,2.6
13,202022,CCO,3825,3.4
13,202022,CCL,2280,4.2
13,202022,CCO,3803,1.1
13,202022,CCO,3844,1.3
13,202022,CCO,3400,3.9
13,202120,CCO,3829,1.6
13,202120,CCO,3826,1.3
13,202120,CCO,3825,5.5
13,202120,CCL,2371,1.7
14,201920,CCL,2344,5.8
14,201920,CCO,3837,1.1
14,201920,CCL,2344,3.2
14,201920,CCL,0120,4.2
14,201922,CCL,2371,1.1
14,201922,CCL,2311,3.4
14,201922,CCL,1262,4.9
14,201922,CCL,2311,3.1
14,201922,CCO,3801,2.6
14,201922,CCL,1212,5.8
14,201922,CCO,3320,6.4
14,202020,CCO,3900,1.9
14,202020,CCO,3811,3.8
14,202020,CCL,2278,6.4
14,202022,CCL,2250,4.1
14,202022,CCL,2373,6.0
14,202022,CCO,3800,4.2
14,202022,CCL,1262,6.4
14,202022,CCL,2373,4.6
14,202120,CCL,2331,3.3
14,202120,CCO,3400,2.0
14,202120,CCL,2280,2.6
14,202120,CCO,3801,5.6
14,202120,CCL,2322,5.4
14,202120,CCO,3838,5.9
15,202020,CCL,1290,1.0
15,202020,CCL,2302,6.4
15,202020,CCO,3829,6.3
15,202022,CCO,0001,5.7
15,202022,CCL,2363,3.5
15,202022,CCO,3818,5.4
15,202022,CCL,2352,4.5
15,202022,CCO,3320,4.2
15,202120,CCL,2353,3.7
15,202120,CCL,2391,3.0
15,202120,CCL,2312,4.5
15,202120,CCO,3829,6.6
15,202120,CCL,2321,5.8
15,202120,CCL,2331,2.6
15,202120,CCO,3844,4.0
16,202022,CCL,2374,3.0
16,202022,CCL,1280,4.1
16,202022,CCL,2250,3.6
16,202022,CCO,3837,2.9
16,202022,CCL,2332,6.6
16,202022,CCL,2250,2.4
17,201920,CCL,2391,2.2
17,201920,CCO,3812,3.9
17,201920,CCO,3847,3.1
17,201920,CCO,3825,2.9
17,201920,CCL,2332,1.8
17,201920,CCL,2301,6.9
17,201920,CCL,2361,5.0
17,201922,CCL,2311,2.5
17,201922,CCO,2290,1.5
17,201922,CCO,3842,4.3
17,201922,CCL,0120,6.8
17,201922,CCO,3901,4.5
17,201922,CCL,2331,5.5
17,201922,CCO,3802,6.5
17,202020,CCO,3846,2.6
17,202020,CCL,2250,4.6
17,202020,CCO,3320,2.9
17,202020,CCO,3827,1.8
17,202020,CCO,3836,6.8
17,202020,CCO,3841,2.0
17,202020,CCO,3814,6.8
17,202022,CCL,2353,6.6
17,202022,CCL,1280,6.1
17,202022,CCL,1216,4.4
17,202120,CCL,2384,6.3
17,202120,CCO,3814,6.0
17,202120,CCL,2361,3.4
17,202120,CCL,2230,5.4
17,202120,CCO,3843,1.3
18,201920,CCO,3400,6.9
18,201920,CCL,2290,6.1
18,201920,CCL,2383,5.0
18,201920,CCO,3824,3.6
18,201920,CCL,2352,4.8
18,201922,CCL,2372,5.6
18,201922,CCO,3829,5.3
18,202020,CCL,1214,3.8
18,202020,CCL,2301,1.9
18,202020,CCL,0120,5.1
18,202020,CCL,2272,5.3
18,202020,CCL,2371,1.0
18,202020,CCL,1260,6.5
18,202020,CCO,3839,1.8
18,202022,CCL,2264,5.9
18,202022,CCO,3815,6.5
18,202022,CCO,3844,5.8
18,202120,CCO,3845,6.2
18,202120,CCO,3833,2.0
18,202120,CCO,3838,4.7
18,202120,CCL,1200,1.5
18,202120,CCO,3827,1.4
18,202120,CCO,3902,6.9
18,202120,CCO,3810,4.3
19,201920,CCL,2373,5.0
19,201920,CCO,3833,3.9
19,201920,CCL,2384,6.8
19,201920,CCO,3818,3.8
19,201920,CCL,2362,4.6
19,201920,CCO,3833,4.8
19,201922,CCO,3800,3.2
19,201922,CCL,2352,1.0
19,201922,CCL,1202,4.7
19,201922,CCO,3843,4.6
19,201922,CCL,2353,5.6
19,202020,CCL,2301,3.8
19,202020,CCO,3827,3.4
19,202020,CCL,2362,4.3
19,202020,CCO,3823,1.4
19,202020,CCL,2280,3.4
19,202020,CCO,3819,1.4
19,202020,CCL,2311,4.5
19,202022,CCO,3814,3.4
19,202022,CCL,2321,1.6
19,202022,CCL,2230,3.5
19,202120,CCL,2361,3.0
19,202120,CCO,3810,2.2
20,201920,CCL,2250,2.8
20,201920,CCL,1202,1.1
20,201920,CCO,3811,3.5
20,201920,CCO,3824,2.7
20,201920,CCO,3843,6.1
20,201922,CCO,3800,2.6
20,201922,CCL,2278,3.1
20,201922,CCL,1280,3.1
20,201922,CCO,3822,6.7
20,201922,CCO,0001,5.6
20,202020,CCO,3320,7.0
20,202020,CCL,2343,6.2
20,202020,CCO,3831,3.3
20,202022,CCO,3823,1.8
20,202022,CCO,3814,1.6
20,202022,CCL,2278,5.7
20,202022,CCL,2371,6.0
20,202022,CCL,2312,4.7
21,201920,CCO,3833,3.8
21,201920,CCL,1212,6.8
21,201920,CCL,2230,6.8
21,201920,CCL,2352,6.9
21,201920,CCL,1212,5.9
21,201920,CCO,3831,5.0
21,202020,CCO,3842,1.6
21,202020,CCL,2382,2.8
21,202020,CCO,3833,3.6
21,202022,CCO,3845,6.9
21,202022,CCL,1262,6.9
21,202022,CCO,3814,6.5
22,202020,CCO,3836,6.4
22,202020,CCL,1200,1.5
22,202022,CCO,3400,5.9
22,202022,CCL,2220,1.6
22,202022,CCO,3824,1.8
22,202022,CCO,3901,5.3
22,202022,CCO,3400,1.0
22,202120,CCL,2331,1.4
22,202120,CCO,3802,5.9
22,202120,CCO,3816,6.1
22,202120,CCO,3816,1.2
22,202120,CCO,3320,2.6
23,201920,CCO,3821,4.2
23,201920,CCO,3818,5.1
23,201920,CCL,2322,3.0
23,201920,CCO,3903,5.2
23,201920,CCL,1216,5.3
23,201922,CCO,3400,1.8
23,201922,CCL,2230,4.2
23,201922,CCO,3819,6.2
23,201922,CCO,3824,6.3
23,201922,CCO,3823,1.5
23,201922,CCL,1260,3.2
23,201922,CCL,2381,6.5
23,202020,CCL,2311,6.8
23,202020,CCO,3801,7.0
23,202020,CCO,0001,4.5
23,202022,CCL,2352,3.8
23,202022,CCL,2373,5.2
23,202022,CCL,1216,4.7
23,202022,CCO,3825,2.6
23,202022,CCL,2363,2.3
23,202022,CCL,2341,6.1
23,202022,CCL,2371,4.0
24,201920,CCL,2264,3.5
24,201920,CCL,2272,6.7
24,201920,CCO,3835,2.8
24,201920,CCL,2381,4.2
24,201922,CCL,2312,3.8
24,201922,CCL,1200,4.7
24,201922,CCL,2230,1.3
24,201922,CCO,3320,1.8
24,202022,CCL,1202,5.1
24,202022,CCO,3832,2.2
24,202022,CCO,3825,1.9
24,202022,CCO,3816,6.5
24,202022,CCO,3841,4.2
24,202120,CCL,2373,5.9
24,202120,CCO,3841,1.4
24,202120,CCO,3825,5.1
25,201920,CCL,2342,6.3
25,201920,CCL,1200,6.2
25,201920,CCL,1200,1.3
25,201920,CCL,1290,2.4
25,201920,CCO,3902,2.4
25,201920,CCL,1200,4.2
25,201920,CCL,2352,1.8
25,201922,CCL,2311,5.8
25,201922,CCO,3842,3.6
25,201922,CCL,2321,2.5
25,202020,CCL,1260,5.9
25,202020,CCO,3842,1.0
25,202020,CCL,2272,3.3
25,202020,CCO,3840,5.3
25,202020,CCL,2341,5.2
25,202022,CCL,2302,6.9
25,202022,CCL,2321,3.9
25,202022,CCO,3822,2.3
25,202120,CCL,2351,4.1
25,202120,CCO,3823,3.5
25,202120,CCL,2373,4.2
26,201920,CCL,2373,6.6
26,201920,CCO,3818,6.3
26,201920,CCL,1212,6.9
26,201920,CCO,3840,2.0
26,201920,CCO,3900,3.7
26,201922,CCL,1262,2.3
26,201922,CCL,2342,2.5
26,201922,CCL,2242,1.5
26,201922,CCO,3833,6.0
26,201922,CCL,2264,1.7
26,202020,CCO,3812,1.1
26,202020,CCO,3822,1.8
26,202020,CCO,3837,2.5
26,202020,CCO,3837,1.8
26,202022,CCO,3811,3.7
26,202022,CCL,1214,3.9
26,202022,CCL,2344,4.8
26,202022,CCL,2371,5.1
26,202022,CCO,3902,3.9
26,202022,CCL,2374,6.0
26,202022,CCO,3832,5.8
26,202120,CCO,3841,2.9
26,202120,CCL,2383,1.3
26,202120,CCO,3846,3.8
26,202120,CCL,0120,6.9
26,202120,CCO,3825,2.6
27,201920,CCO,3802,6.2
27,201920,CCO,3825,5.5
27,201920,CCO,3802,6.5
27,201920,CCO,3906,2.8
27,201922,CCL,2272,1.4
27,201922,CCO,3844,6.3
27,201922,CCL,2280,4.0
27,201922,CCL,2341,4.3
27,201922,CCL,2278,1.4
27,201922,CCO,3818,7.0
27,201922,CCO,3801,3.5
27,202120,CCL,2301,5.4
27,202120,CCO,3829,3.7
27,202120,CCL,0120,5.8
27,202120,CCL,2321,4.4
27,202120,CCL,1280,5.9
28,201920,CCO,3810,3.8
28,201920,CCL,2372,1.8
28,201920,CCL,2230,1.5
28,201920,CCL,2218,1.7
28,201920,CCL,2312,6.0
28,201922,CCO,3800,1.4
28,201922,CCL,0120,4.3
28,201922,CCL,2371,5.9
29,201920,CCO,3800,4.5
29,201920,CCO,3812,4.4
29,201920,CCL,0220,1.3
29,201920,CCL,2383,3.1
29,201920,CCL,2311,6.1
29,201920,CCL,2343,4.5
29,201922,CCO,3842,2.0
29,201922,CCO,3841,4.4
29,201922,CCL,1280,6.1
29,202020,CCL,2230,2.2
29,202020,CCL,2301,2.3
29,202020,CCL,1280,1.2
29,202120,CCL,1214,1.9
29,202120,CCL,2362,3.1
29,202120,CCO,3817,2.5
29,202120,CCO,3800,2.2
29,202120,CCO,3814,4.2
30,201920,CCO,3832,4.6
30,201920,CCO,3825,2.6
30,201920,CCL,2383,2.5
30,201920,CCO,3844,2.3
30,201920,CCL,2272,3.1
30,201920,CCL,1262,4.5
30,201920,CCO,3836,5.8
30,201922,CCL,2353,2.9
30,201922,CCL,2322,5.6
30,201922,CCO,3400,4.7
30,201922,CCO,3840,1.4
30,201922,CCL,2381,5.7
30,201922,CCL,2341,6.4
30,202022,CCO,3818,2.6
30,202022,CCL,1210,6.3
30,202022,CCL,2342,6.0
30,202022,CCO,3900,6.9
30,202022,CCO,3833,4.5
30,202022,CCL,2391,4.7
30,202022,CCO,3400,4.7
30,202120,CCL,2311,3.3
30,202120,CCL,2280,2.7
30,202120,CCO,3812,3.4
30,202120,CCL,2382,5.3
30,202120,CCL,2302,5.0
30,202120,CCL,2391,3.2
30,202120,CCL,1290,1.8
31,201920,CCL,2272,2.8
31,201920,CCO,3833,5.9
31,201922,CCL,2353,5.1
31,201922,CCL,1262,5.7
31,202020,CCO,3837,2.4
31,202020,CCL,2321,4.5
31,202020,CCO,3838,6.3
31,202020,CCO,3825,1.1
31,202020,CCL,1260,4.1
31,202020,CCL,2240,3.8
32,201920,CCO,3800,1.5
32,201920,CCO,3839,5.1
32,201920,CCL,2383,1.0
32,201922,CCO,3902,1.5
32,201922,CCL,2250,5.3
32,201922,CCO,3400,4.9
32,201922,CCO,3837,5.8
32,201922,CCO,2290,3.9
32,201922,CCO,3800,1.8
32,202020,CCL,2276,3.8
32,202020,CCO,3824,4.2
32,202020,CCO,3819,5.4
32,202022,CCO,3400,6.6
32,202022,CCO,3811,4.7
32,202022,CCL,2272,5.5
32,202120,CCL,2301,2.7
32,202120,CCO,3803,5.6
32,202120,CCO,3816,5.4
32,202120,CCO,3900,4.3
32,202120,CCL,1200,6.7
33,201922,CCL,2276,4.0
33,201922,CCO,3817,4.7
33,201922,CCL,1212,3.6
33,201922,CCL,2321,1.1
33,201922,CCO,3815,5.5
33,201922,CCO,3800,2.4
33,201922,CCO,3802,3.6
33,202020,CCO,3831,3.9
33,202020,CCO,3827,5.0
33,202020,CCL,1210,5.0
33,202020,CCL,1262,2.6
33,202020,CCO,3844,4.3
33,202020,CCL,2373,3.6
33,202020,CCO,3832,3.9
33,202022,CCL,2382,3.3
33,202022,CCO,3826,3.1
33,202022,CCL,2382,1.2
34,201920,CCO,3828,2.1
34,201920,CCO,3901,2.1
34,201920,CCL,2280,4.1
34,201920,CCO,3825,1.5
34,201920,CCL,2290,1.0
34,201920,CCL,2383,6.5
34,201922,CCL,2290,1.5
34,201922,CCO,2290,3.8
34,201922,CCL,2371,6.1
34,201922,CCO,3803,3.6
34,202020,CCO,2290,1.7
34,202020,CCL,0220,6.9
34,202022,CCL,2272,1.0
34,202022,CCL,2280,4.6
34,202022,CCL,1202,2.1
34,202022,CCO,3837,5.1
34,202120,CCO,3817,4.3
34,202120,CCO,3815,1.3
34,202120,CCO,3812,2.4
34,202120,CCO,3823,2.7
34,202120,CCL,2371,3.7
35,201920,CCL,2301,3.6
35,201920,CCL,2218,3.1
35,201920,CCO,3906,3.8
35,201920,CCO,3827,3.8
35,201920,CCO,3903,2.4
35,201920,CCO,3810,4.3
35,201920,CCL,1216,3.2
36,201922,CCL,1290,5.3
36,201922,CCL,1290,4.0
36,201922,CCO,3836,4.6
36,201922,CCO,3826,2.6
36,201922,CCL,0120,3.4
37,201920,CCL,2218,4.5
37,201920,CCL,2274,6.5
37,201920,CCL,1290,4.4
37,201922,CCO,3828,5.5
37,201922,CCL,2351,3.1
37,201922,CCL,2321,1.1
37,201922,CCL,2373,6.2
37,201922,CCO,3819,6.8
37,201922,CCO,2290,2.1
37,202020,CCO,3816,1.6
37,202020,CCO,3818,1.1
37,202020,CCL,2382,3.0
37,202022,CCO,3810,1.3
37,202022,CCO,3835,3.8
37,202022,CCO,3800,4.9
37,202022,CCO,3840,4.5
37,202022,CCL,2353,5.0
37,202120,CCO,3840,3.9
37,202120,CCL,1210,3.9
37,202120,CCL,2322,3.5
37,202120,CCL,2218,3.9
37,202120,CCL,2383,1.9
37,202120,CCO,3801,5.8
38,201920,CCO,3906,2.4
38,201920,CCL,2352,1.5
38,201920,CCO,3840,1.3
38,201920,CCL,1216,4.0
38,201920,CCO,3824,1.6
38,201920,CCL,2362,5.1
38,201920,CCO,3815,2.6
38,201922,CCL,2353,3.0
38,201922,CCL,2220,3.7
38,201922,CCL,2230,4.8
38,201922,CCO,3836,1.5
38,201922,CCO,3812,6.9
38,202020,CCL,2353,1.7
38,202020,CCL,2361,4.3
38,202020,CCL,2383,6.4
38,202020,CCO,3802,4.5
38,202020,CCL,1202,1.9
38,202020,CCO,3844,6.2
38,202020,CCL,2272,4.7
38,202022,CCL,0120,5.3
38,202022,CCL,2383,5.2
38,202022,CCL,1290,5.7
38,202022,CCL,2391,1.1
38,202022,CCL,2312,6.2
38,202022,CCL,2363,4.0
38,202022,CCL,2374,4.7
38,202120,CCO,3836,2.7
38,202120,CCO,3803,3.6
38,202120,CCO,3832,6.7
38,202120,CCL,2290,2.6
38,202120,CCL,2362,4.0
38,202120,CCL,1214,2.6
39,201920,CCL,1214,5.0
39,201920,CCL,1202,5.1
39,201920,CCO,3835,1.4
39,201922,CCL,1200,6.1
39,201922,CCL,2302,5.6
39,201922,CCL,2342,5.7
39,201922,CCO,3811,4.1
39,201922,CCL,2341,3.7
39,202020,CCO,3400,2.5
39,202020,CCL,1214,1.1
39,202020,CCO,3835,4.6
39,202020,CCL,1290,5.3
39,202120,CCL,0220,3.6
39,202120,CCO,2290,3.2
39,202120,CCO,3901,1.6
40,201920,CCO,3843,4.6
40,201920,CCO,3801,2.8
40,201920,CCO,3837,3.9
40,201922,CCO,3831,3.1
40,201922,CCO,3813,4.8
40,202020,CCL,2321,3.4
40,202020,CCL,2331,5.5
40,202020,CCL,2343,6.4
40,202020,CCO,3811,3.2
40,202020,CCL,2362,5.6
40,202020,CCO,3816,5.0
40,202020,CCL,2361,4.3
40,202022,CCO,3818,1.4
40,202022,CCO,3839,1.1
40,202022,CCL,2276,5.6
40,202022,CCO,3839,3.8
40,202022,CCL,2332,5.8
40,202022,CCO,3833,2.1
40,202022,CCL,2274,2.1
40,202120,CCL,2372,5.6
40,202120,CCO,3822,4.1
40,202120,CCO,3837,4.0
41,201920,CCL,2264,4.8
41,201920,CCL,2280,4.5
41,201920,CCL,2220,3.5
41,201920,CCL,2278,3.2
41,201920,CCL,2383,6.9
41,202020,CCO,3802,6.4
41,202020,CCL,2272,4.2
41,202020,CCO,3400,1.6
41,202020,CCO,3902,2.7
41,202020,CCO,3827,4.7
41,202022,CCL,2272,3.6
41,202022,CCL,1200,3.6
41,202022,CCO,3840,2.0
41,202022,CCO,3320,1.0
41,202022,CCL,2343,2.9
42,201920,CCO,3835,4.0
42,201920,CCL,2372,3.6
42,201920,CCO,3820,6.4
42,201920,CCL,2332,5.6
42,201920,CCO,3900,4.5
42,201920,CCL,1280,3.7
42,201920,CCL,2290,4.1
42,202022,CCO,3822,2.9
42,202022,CCO,3906,3.5
42,202022,CCL,1262,5.8
42,202022,CCL,2218,3.2
42,202022,CCL,2362,5.9
42,202120,CCO,3821,3.9
42,202120,CCO,2290,1.8
42,202120,CCL,2384,5.7
43,201920,CCO,3819,5.8
43,201920,CCO,3821,6.3
43,201920,CCL,2372,6.7
43,201922,CCO,3823,6.6
43,201922,CCO,3844,4.1
43,202020,CCO,3826,6.0
43,202020,CCO,3903,6.4
43,202020,CCL,2311,5.5
43,202020,CCL,2302,4.0
43,202020,CCO,3831,2.7
43,202020,CCO,3845,6.6
43,202020,CCL,2290,2.5
43,202022,CCL,2352,6.9
43,202022,CCO,3833,4.5
43,202022,CCO,3901,4.5
43,202022,CCL,2220,6.6
43,202022,CCO,3900,1.4
43,202120,CCO,3813,6.2
43,202120,CCL,2374,4.1
43,202120,CCO,3814,4.3
43,202120,CCO,3837,6.2
43,202120,CCO,3803,5.1
43,202120,CCL,2361,7.0
43,202120,CCO,3817,3.8
44,201920,CCL,2301,6.2
44,201920,CCL,2274,4.8
44,201922,CCO,3837,4.3
44,201922,CCO,3836,4.5
44,201922,CCO,3840,3.8
44,201922,CCL,1200,4.3
44,201922,CCL,2264,1.9
44,202020,CCO,3836,2.1
44,202020,CCL,1212,1.2
44,202020,CCL,2250,3.7
44,202020,CCO,3320,3.4
44,202020,CCL,2343,4.7
44,202022,CCO,3902,3.0
44,202022,CCO,3810,6.4
44,202022,CCO,3823,5.5
44,202022,CCO,3847,2.5
44,202022,CCL,1290,5.1
44,202022,CCO,3903,1.5
44,202022,CCL,2322,1.9
44,202120,CCL,1212,3.2
44,202120,CCL,2391,3.0
44,202120,CCL,1210,2.5
44,202120,CCL,2371,3.4
44,202120,CCL,2351,2.7
44,202120,CCO,2290,3.1
44,202120,CCO,3901,2.1
45,202020,CCL,2301,6.3
45,202020,CCO,3847,4.0
45,202020,CCO,3906,6.5
46,201920,CCL,2290,3.5
46,201920,CCO,3815,3.8
46,201920,CCL,2344,3.2
46,201920,CCL,1202,3.4
46,201920,CCL,1210,1.0
46,201920,CCO,3801,3.9
46,201920,CCL,2218,1.1
46,201922,CCO,3900,6.1
46,201922,CCO,3820,1.5
46,201922,CCO,3845,2.9
46,202020,CCO,3810,4.7
46,202020,CCL,1280,4.5
46,202020,CCO,3814,3.7
46,202020,CCO,3906,4.2
46,202020,CCL,1216,3.1
46,202022,CCL,2391,1.4
46,202022,CCO,3831,5.0
46,202022,CCL,2363,5.9
46,202120,CCO,3827,5.3
46,202120,CCO,3816,5.9
47,201920,CCO,3901,5.0
47,201920,CCL,2351,4.7
47,201920,CCO,3820,2.1
47,201920,CCO,3811,2.4
47,201920,CCL,2264,2.7
47,201920,CCL,2322,3.2
47,201922,CCO,3844,4.1
47,201922,CCO,3846,6.5
47,201922,CCO,3844,1.6
47,201922,CCO,3832,3.9
47,201922,CCL,2278,1.8
47,202022,CCO,3843,2.0
47,202022,CCL,1290,5.7
47,202022,CCL,2276,5.1
47,202120,CCO,3838,3.2
47,202120,CCL,2344,5.1
47,202120,CCL,2353,3.3
47,202120,CCL,2312,4.9
47,202120,CCL,2250,4.2
48,201920,CCO,3828,5.3
48,201920,CCL,2240,6.6
48,201920,CCO,3842,7.0
48,201920,CCL,0220,1.8
48,201920,CCO,3906,4.6
48,201922,CCL,2220,1.6
48,201922,CCO,3812,3.7
48,201922,CCO,3844,4.2
48,201922,CCL,2342,2.8
48,201922,CCL,2322,5.8
48,201922,CCL,1212,3.9
48,201922,CCO,3822,2.4
48,202020,CCO,3835,4.1
48,202020,CCO,3825,3.0
48,202020,CCO,3818,1.0
48,202020,CCL,2352,5.2
48,202020,CCL,1212,6.8
48,202020,CCO,3811,4.3
48,202020,CCL,2373,4.2
48,202120,CCO,3810,6.3
48,202120,CCO,3813,3.6
48,202120,CCO,3800,4.8
49,201920,CCL,2311,4.9
49,201920,CCO,3817,3.7
49,201920,CCO,3844,2.2
49,201920,CCO,3843,3.9
49,201920,CCO,3839,4.2
49,201920,CCL,2352,5.2
49,201922,CCO,3831,5.3
49,201922,CCL,2382,6.9
49,202020,CCO,3802,4.7
49,202020,CCO,3832,4.1
49,202020,CCL,2230,6.8
50,201920,CCL,1212,3.3
50,201920,CCO,3801,5.5
50,201920,CCL,2344,5.1
50,201920,CCL,2382,2.6
50,201920,CCL,1262,5.2
50,201920,CCO,3828,6.2
50,201922,CCL,2276,4.7
50,201922,CCL,2240,1.5
50,201922,CCO,3902,1.3
50,201922,CCO,3800,5.7
50,201922,CCO,3822,4.1
50,201922,CCL,1280,6.4
50,201922,CCO,3835,2.2
50,202020,CCO,3816,4.1
50,202020,CCL,2353,6.1
50,202020,CCO,3847,6.0
50,202020,CCO,3821,6.6
50,202022,CCL,2242,6.7
50,202022,CCL,2374,6.2
50,202022,CCO,3903,3.8
50,202022,CCL,2382,3.7
50,202022,CCO,3816,2.1
50,202120,CCL,2382,2.9
50,202120,CCO,3812,1.4
50,202120,CCO,3841,2.5
50,202120,CCO,3845,3.5
50,202120,CCL,2240,1.9
51,201920,CCL,2321,4.9
51,201920,CCO,3818,6.8
51,201920,CCO,3320,5.4
51,201920,CCO,3838,6.7
51,201920,CCO,3822,5.4
51,201920,CCO,3814,5.1
51,201920,CCL,2352,1.7
51,201922,CCO,3814,2.8
51,201922,CCL,2353,5.8
51,201922,CCO,3826,2.1
51,202020,CCO,3801,1.5
51,202020,CCL,1210,5.4
51,202020,CCL,2280,1.7
51,202020,CCL,2353,3.3
51,202020,CCL,2321,6.1
51,202020,CCO,3820,5.2
51,202020,CCO,3842,1.5
51,202022,CCL,1212,5.2
51,202022,CCL,2301,3.3
51,202022,CCL,2220,1.1
52,201920,CCO,3903,6.6
52,201920,CCL,2353,5.4
52,201920,CCO,3829,5.4
52,202020,CCO,3846,3.6
52,202020,CCL,2371,1.5
52,202020,CCL,2363,6.8
52,202020,CCL,2321,4.4
52,202020,CCL,2363,4.5
52,202020,CCO,3814,4.9
52,202020,CCO,3846,3.7
53,201920,CCO,3818,6.9
53,201920,CCO,3818,3.5
53,201920,CCO,3903,4.8
53,201920,CCO,2290,3.0
53,201920,CCL,0120,6.6
53,201922,CCO,3906,3.6
53,201922,CCO,3816,6.3
53,201922,CCO,3823,5.6
53,201922,CCO,3811,4.6
53,201922,CCO,3826,6.6
53,201922,CCO,3902,4.3
53,201922,CCO,3900,4.2
53,202020,CCL,2302,2.0
53,202020,CCO,3845,5.3
53,202020,CCO,3841,6.1
53,202020,CCL,1210,6.5
53,202020,CCO,3822,4.3
53,202020,CCL,1202,6.7
53,202020,CCO,2290,5.0
53,202022,CCL,2343,5.7
53,202022,CCL,2372,4.9
53,202022,CCO,3818,1.1
53,202120,CCL,2220,5.9
53,202120,CCL,2301,4.8
53,202120,CCL,1200,3.7
53,202120,CCL,2373,2.3
53,202120,CCO,3812,4.6
53,202120,CCO,3833,4.2
54,201920,CCL,2384,3.9
54,201920,CCL,0120,4.1
54,201920,CCO,3811,1.8
54,201922,CCL,1262,1.9
54,201922,CCL,2220,2.6
54,201922,CCL,2220,4.5
54,202020,CCO,3844,6.9
54,202020,CCL,2381,4.6
54,202020,CCO,3842,3.2
54,202020,CCL,2301,6.6
54,202020,CCL,2276,5.4
54,202020,CCO,3820,4.2
54,202020,CCO,3846,6.9
54,202022,CCO,3835,3.2
54,202022,CCO,3906,3.1
54,202022,CCL,2343,1.8
54,202022,CCO,3903,6.5
54,202022,CCO,3844,4.9
54,202022,CCL,1212,5.6
54,202022,CCL,2250,5.8
54,202120,CCL,2278,4.0
54,202120,CCO,3803,2.9
54,202120,CCL,2373,2.5
54,202120,CCO,3829,6.2
54,202120,CCO,3811,4.5
54,202120,CCL,1290,6.9
55,201922,CCO,3829,4.3
55,201922,CCO,3841,3.7
55,201922,CCL,2363,2.8
55,201922,CCL,2352,4.9
55,202020,CCL,2344,6.7
55,202020,CCO,3817,1.6
55,202020,CCO,3826,1.5
55,202022,CCL,2363,5.4
55,202022,CCO,3818,5.7
55,202022,CCO,3820,6.5
55,202022,CCL,2250,3.1
55,202022,CCO,3825,5.7
55,202022,CCL,2276,1.4
55,202022,CCO,3841,4.8
56,201922,CCL,2280,6.2
56,201922,CCO,3837,1.9
56,201922,CCL,2363,3.4
57,201920,CCL,1214,2.7
57,201920,CCO,3800,1.3
57,201920,CCO,3846,1.7
57,201920,CCL,2384,1.6
57,201920,CCL,2264,2.3
57,201922,CCO,3837,4.5
57,201922,CCO,3841,3.4
57,201922,CCO,3823,5.7
57,201922,CCL,1262,5.2
57,201922,CCO,3803,1.1
57,201922,CCL,2220,5.9
57,201922,CCL,2384,1.5
57,202020,CCO,3820,3.1
57,202020,CCO,3815,4.7
57,202020,CCL,2383,3.3
57,202020,CCL,2341,1.1
57,202020,CCL,2230,3.1
57,202022,CCO,3835,1.8
57,202022,CCL,2230,5.2
57,202022,CCO,3400,2.3
57,202022,CCO,3400,5.7
57,202022,CCL,1260,5.2
57,202120,CCL,2373,3.9
57,202120,CCO,3837,3.7
57,202120,CCO,3903,3.4
57,202120,CCO,3820,1.2
57,202120,CCO,3812,6.5
58,201920,CCL,2302,5.2
58,201920,CCL,2384,4.8
58,201920,CCL,2374,6.8
58,201920,CCL,2374,3.9
58,201920,CCL,0220,2.5
58,201920,CCO,3820,1.9
58,201920,CCL,2302,1.0
58,201922,CCL,2381,2.4
58,201922,CCL,2344,4.3
58,201922,CCL,2331,6.2
58,201922,CCO,3320,6.1
58,201922,CCO,3841,5.7
58,201922,CCO,3810,4.6
58,201922,CCO,3800,4.0
58,202020,CCO,3906,4.3
58,202020,CCO,3839,3.4
58,202020,CCO,3843,1.5
58,202022,CCL,2352,2.7
58,202022,CCO,3818,1.5
58,202022,CCL,2341,6.8
58,202022,CCL,2341,3.7
58,202022,CCL,2276,4.7
58,202022,CCL,2342,3.5
58,202022,CCL,2218,3.2
58,202120,CCO,3838,5.6
58,202120,CCL,2391,3.9
58,202120,CCL,2342,3.7
58,202120,CCL,2220,2.9
58,202120,CCO,3832,6.5
58,202120,CCL,2383,4.0
59,201920,CCL,2240,3.1
59,201920,CCO,3801,3.0
59,201920,CCL,2322,3.1
59,201922,CCO,3831,1.8
59,201922,CCO,3903,5.9
59,201922,CCL,2218,1.7
59,201922,CCO,3901,1.2
59,201922,CCL,2220,4.0
59,202022,CCL,2361,4.6
59,202022,CCL,2321,5.4
59,202022,CCO,3824,3.8
59,202022,CCL,2362,5.1
59,202022,CCO,3837,5.9
59,202120,CCL,2272,3.7
59,202120,CCL,1210,6.6
59,202120,CCO,3811,2.4
60,201920,CCL,2352,4.0
60,201920,CCO,3838,2.3
60,201920,CCL,1210,4.8
60,201920,CCL,2342,2.9
60,202022,CCO,3903,4.7
60,202022,CCL,1260,4.0
61,201920,CCO,3900,3.8
61,201920,CCL,2322,6.6
61,201920,CCL,1212,6.8
61,201922,CCL,2351,4.2
61,201922,CCL,0120,4.7
61,201922,CCO,3800,2.0
61,202020,CCO,3820,4.0
61,202020,CCO,3824,6.2
61,202020,CCL,1290,2.6
61,202022,CCO,3845,3.8
61,202022,CCL,2384,6.9
61,202022,CCL,2353,2.4
61,202120,CCO,3815,6.5
61,202120,CCL,2302,4.6
61,202120,CCL,2371,5.3
61,202120,CCO,3815,6.3
61,202120,CCO,3902,6.5
61,202120,CCL,2351,1.4
61,202120,CCL,2352,2.7
62,201920,CCO,3800,1.2
62,201920,CCO,3843,2.8
62,201920,CCO,3838,2.8
62,201920,CCO,3828,5.7
62,201920,CCL,2274,1.6
62,201920,CCO,3820,2.8
62,201920,CCO,3819,6.7
62,201922,CCO,3900,5.6
62,201922,CCO,3811,1.6
62,201922,CCO,3903,2.7
62,202020,CCO,3844,4.4
62,202020,CCL,1202,3.2
62,202020,CCL,2352,1.5
62,202022,CCO,3810,3.8
62,202022,CCO,3841,1.7
62,202022,CCL,2230,1.2
62,202022,CCO,3906,3.2
62,202120,CCL,2278,5.0
62,202120,CCL,2351,1.1
62,202120,CCL,2278,5.6
62,202120,CCO,3831,6.3
62,202120,CCL,2341,4.0
63,201920,CCL,2276,1.4
63,201920,CCL,2363,5.8
63,201920,CCO,3828,4.3
63,201922,CCL,2240,1.2
63,201922,CCO,3840,4.4
63,201922,CCO,3902,4.2
63,201922,CCO,3837,2.2
63,202020,CCO,3400,2.9
63,202020,CCO,3824,1.5
63,202020,CCL,2351,1.4
63,202020,CCL,2374,3.5
63,202020,CCL,1216,4.4
64,201920,CCO,3400,1.4
64,201920,CCO,3812,1.4
64,201920,CCO,3827,4.6
64,201920,CCL,2331,4.1
64,201920,CCO,3320,3.2
64,201920,CCO,3801,4.6
64,201920,CCO,3800,6.1
64,201922,CCO,3828,6.7
64,201922,CCL,2343,2.4
64,201922,CCO,3841,1.5
64,201922,CCL,1262,6.7
64,201922,CCL,2362,5.2
64,202020,CCL,1200,4.9
64,202020,CCL,2264,6.3
64,202020,CCL,2331,1.7
64,202020,CCO,3839,4.1
64,202020,CCL,2352,1.7
64,202022,CCO,3320,5.3
64,202022,CCL,2321,7.0
64,202022,CCL,1214,1.8
64,202022,CCL,2250,4.2
64,202022,CCL,2352,2.7
64,202022,CCL,2290,4.2
64,202022,CCL,2290,4.9
64,202120,CCL,1214,3.0
64,202120,CCO,3823,4.0
65,201920,CCO,3840,5.4
65,201920,CCO,3803,1.3
65,201922,CCL,2344,2.2
65,201922,CCL,2264,3.9
65,201922,CCO,3812,3.6
65,202020,CCL,2302,3.8
65,202020,CCO,3400,6.2
65,202020,CCL,1280,3.7
65,202022,CCO,3836,1.5
65,202022,CCL,2240,2.3
65,202022,CCL,2312,2.7
65,202022,CCO,3817,1.2
65,202022,CCO,3823,4.5
65,202022,CCL,2361,2.3
65,202022,CCO,3842,5.1
65,202120,CCO,3846,6.0
65,202120,CCO,3810,6.5
65,202120,CCL,2362,1.8
65,202120,CCL,2381,1.0
65,202120,CCL,2280,4.1
65,202120,CCO,3903,6.0
65,202120,CCL,2384,1.1
66,201920,CCL,2344,6.6
66,201920,CCL,2374,3.6
66,201920,CCL,2342,2.9
66,201920,CCO,3800,1.8
66,201920,CCL,2280,2.3
66,201920,CCO,3835,1.4
66,201920,CCO,3833,6.1
66,201922,CCL,2322,2.8
66,201922,CCO,3835,2.3
66,201922,CCL,2391,1.6
66,201922,CCL,2331,5.3
66,201922,CCO,3831,5.6
66,201922,CCL,2372,6.9
66,201922,CCO,3400,4.8
66,202020,CCO,3839,4.2
66,202020,CCL,1214,4.3
66,202020,CCO,3843,2.7
66,202020,CCO,3903,7.0
66,202020,CCL,2250,2.5
66,202022,CCL,2362,4.7
66,202022,CCL,2353,6.4
66,202022,CCO,3902,6.8
66,202022,CCO,3810,5.4
66,202022,CCO,3902,5.0
66,202022,CCO,3810,2.8
66,202022,CCO,3802,5.5
66,202120,CCO,3816,3.9
66,202120,CCL,2250,6.5
66,202120,CCO,3847,6.0
66,202120,CCL,1260,4.7
67,201920,CCL,2391,2.1
67,201920,CCO,3823,5.4
67,201920,CCO,3832,1.3
67,201920,CCL,1214,4.8
67,201920,CCO,3900,6.8
67,201920,CCL,2220,1.8
67,201920,CCO,3842,5.6
67,201922,CCO,3825,6.4
67,201922,CCL,1280,3.6
67,201922,CCO,3400,4.7
67,202020,CCL,2276,3.3
67,202020,CCL,1262,3.0
67,202020,CCL,1280,3.6
67,202020,CCO,3836,5.1
67,202020,CCL,2250,1.5
67,202020,CCO,3842,4.3
67,202022,CCO,3903,3.1
67,202022,CCO,3815,6.3
67,202022,CCL,2331,3.9
67,202022,CCO,3845,6.8
67,202022,CCL,1200,4.0
67,202022,CCL,2290,5.3
67,202022,CCL,2280,4.5
67,202120,CCO,3824,2.9
67,202120,CCL,1210,5.7
67,202120,CCL,2372,6.9
67,202120,CCL,2343,5.2
67,202120,CCO,3841,1.9
68,201920,CCL,2351,6.4
68,201920,CCO,0001,2.6
68,201920,CCO,3802,3.0
68,201922,CCL,0120,6.7
68,201922,CCL,2351,1.7
68,201922,CCL,1290,5.2
68,202020,CCO,3818,5.5
68,202020,CCO,3835,4.8
68,202022,CCO,3816,2.2
68,202022,CCL,1280,1.3
68,202022,CCO,3812,4.0
68,202022,CCO,3801,4.5
68,202022,CCO,3813,6.5
68,202120,CCL,1202,5.4
68,202120,CCO,3831,6.8
68,202120,CCO,3900,3.4
68,202120,CCO,3843,5.5
68,202120,CCL,2341,3.2
68,202120,CCL,2391,6.3
68,202120,CCL,2361,4.2
69,201920,CCO,3817,3.1
69,201920,CCL,2384,4.8
69,201922,CCL,1290,6.5
69,201922,CCL,0120,1.3
69,201922,CCO,3824,3.0
69,202020,CCO,3816,2.1
69,202020,CCL,2391,3.5
69,202020,CCO,3400,1.3
69,202022,CCO,3839,3.7
69,202022,CCO,3835,5.9
69,202022,CCL,2363,3.6
69,202022,CCO,3825,4.0
69,202022,CCL,2311,2.7
69,202022,CCL,2373,5.3
69,202022,CCO,3817,5.1
69,202120,CCL,2391,3.1
69,202120,CCO,3826,4.2
69,202120,CCO,3839,2.9
69,202120,CCL,1262,3.3
69,202120,CCO,3814,3.8
69,202120,CCL,2353,3.3
69,202120,CCO,3906,6.0
70,201920,CCL,2272,4.7
70,201920,CCO,3839,6.9
70,201920,CCL,2311,1.4
70,201922,CCO,3826,5.1
70,201922,CCO,3818,5.6
70,201922,CCO,3815,4.7
70,202020,CCO,3832,6.1
70,202020,CCO,3906,4.7
70,202020,CCL,2363,6.8
70,202020,CCO,3837,4.8
70,202020,CCO,3820,6.2
70,202020,CCL,2351,6.8
70,202020,CCL,2372,2.4
70,202022,CCO,3820,6.6
70,202022,CCL,1210,4.8
70,202022,CCO,3821,1.0
70,202022,CCL,2301,4.2
70,202022,CCL,2382,3.2
71,201920,CCO,0001,3.8
71,201920,CCO,3810,2.1
71,201920,CCL,1200,1.9
71,201920,CCO,3825,2.4
71,201922,CCL,1210,4.6
71,201922,CCO,3821,1.1
71,201922,CCO,3320,3.2
71,201922,CCL,2274,3.3
71,201922,CCO,3819,4.3
71,201922,CCO,3901,4.5
71,201922,CCO,3320,1.7
71,202020,CCL,2278,4.7
71,202020,CCL,1212,2.5
71,202020,CCO,3825,6.5
71,202020,CCO,3824,3.0
71,202020,CCO,3816,1.7
71,202020,CCL,2276,4.0
71,202020,CCO,2290,4.6
71,202022,CCL,2383,5.4
71,202022,CCL,2301,5.6
71,202022,CCL,2361,1.1
71,202022,CCL,2274,5.8
71,202022,CCL,2322,3.7
71,202120,CCL,2361,3.1
71,202120,CCL,2242,1.5
71,202120,CCL,2278,1.5
71,202120,CCL,2321,1.0
71,202120,CCL,2302,6.9
73,201920,CCO,3846,1.8
73,201920,CCL,2383,1.0
73,201920,CCL,2391,1.1
73,201922,CCO,3828,3.7
73,201922,CCL,1260,6.8
73,201922,CCL,2274,6.1
73,201922,CCO,3835,1.5
73,201922,CCL,1262,6.6
73,201922,CCL,2353,6.8
73,201922,CCO,3846,4.6
73,202020,CCO,3821,5.2
73,202020,CCL,2218,5.5
73,202020,CCL,0120,4.4
73,202020,CCL,2344,2.3
73,202020,CCO,3821,6.2
73,202022,CCO,3847,2.8
73,202022,CCL,2242,6.6
73,202022,CCO,3801,6.3
73,202022,CCO,3846,5.2
74,201920,CCL,2342,3.6
74,201920,CCL,2363,3.6
74,201922,CCL,2311,1.1
74,201922,CCO,3835,4.8
74,201922,CCL,2301,2.3
74,201922,CCO,3902,1.8
74,201922,CCO,3821,1.3
74,201922,CCO,3824,1.7
74,201922,CCO,3822,6.2
74,202020,CCL,2272,5.8
74,202020,CCO,3831,3.5
74,202020,CCL,2384,6.2
74,202020,CCL,2250,3.9
74,202020,CCL,2274,5.2
74,202022,CCL,2372,6.1
74,202022,CCO,3817,1.9
74,202022,CCL,2344,6.7
74,202022,CCO,3814,5.9
74,202022,CCL,2381,2.1
75,201920,CCO,3801,3.1
75,201920,CCO,3900,1.9
75,201920,CCO,3902,3.2
75,201920,CCL,2371,3.9
75,201920,CCO,3841,4.0
75,201920,CCO,3812,6.7
75,201920,CCL,2321,3.6
75,202020,CCL,2278,4.3
75,202020,CCL,2351,3.7
75,202020,CCL,1280,5.8
75,202020,CCL,2312,2.9
75,202020,CCO,3800,1.2
76,201920,CCL,2352,1.1
76,201920,CCO,3900,5.1
76,201922,CCL,2352,2.9
76,201922,CCO,3815,4.9
76,201922,CCL,2372,4.3
76,201922,CCL,2220,4.0
76,201922,CCO,3817,1.2
76,201922,CCL,2371,1.4
76,201922,CCL,2344,5.9
76,202020,CCL,2332,3.1
76,202020,CCL,2242,3.3
76,202020,CCL,1212,4.7
76,202120,CCL,2321,6.2
76,202120,CCO,3840,5.2
76,202120,CCO,3813,3.1
76,202120,CCO,3802,3.6
76,202120,CCO,3812,1.4
77,201920,CCL,2242,4.7
77,201920,CCO,3845,3.8
77,201920,CCL,1262,3.8
77,201920,CCO,3835,3.4
77,201920,CCL,2274,3.8
77,201920,CCL,2352,5.1
77,201922,CCL,2381,3.6
77,201922,CCL,2362,2.6
77,201922,CCL,1212,4.6
77,201922,CCL,2220,6.8
77,201922,CCO,3320,6.4
77,202020,CCL,2371,5.5
77,202020,CCL,2276,5.4
77,202020,CCL,2280,4.0
77,202022,CCO,3827,6.1
77,202022,CCO,3820,6.0
77,202022,CCL,2280,2.2
78,201920,CCL,0220,5.1
78,201920,CCO,0001,6.4
78,201920,CCO,2290,3.2
78,201920,CCO,3836,4.4
78,201920,CCO,3843,2.6
78,201920,CCO,3825,6.8
78,201920,CCO,2290,2.4
78,201922,CCL,2382,4.0
78,201922,CCL,2331,3.7
78,201922,CCL,2240,1.5
78,201922,CCL,1214,1.2
78,201922,CCO,3802,3.9
78,201922,CCO,3817,4.2
78,201922,CCL,2382,3.0
78,202020,CCO,3901,5.1
78,202020,CCL,2274,6.3
78,202020,CCO,3816,6.6
78,202020,CCL,2276,5.1
78,202020,CCO,3815,1.0
78,202022,CCL,2301,4.0
78,202022,CCO,3836,6.0
78,202022,CCL,2331,3.8
78,202022,CCO,3846,4.2
78,202120,CCO,3812,5.5
78,202120,CCO,3826,3.1
79,201920,CCL,2343,1.7
79,201920,CCO,3832,3.7
79,201920,CCO,3847,3.3
79,201922,CCO,3400,1.0
79,201922,CCL,2342,6.2
79,201922,CCL,0220,4.0
79,201922,CCO,3813,1.1
79,201922,CCO,3818,4.0
79,201922,CCL,2272,4.4
79,201922,CCO,3812,6.5
79,202020,CCO,3818,6.6
79,202020,CCL,0120,1.1
79,202020,CCL,2272,5.5
79,202020,CCL,2272,4.8
79,202020,CCO,3902,6.5
79,202020,CCL,2302,3.1
79,202020,CCL,2264,4.2
79,202120,CCL,2344,6.1
79,202120,CCL,1260,4.7
79,202120,CCL,2230,5.0
79,202120,CCL,2382,1.5
79,202120,CCL,1202,6.0
79,202120,CCL,2272,2.1
79,202120,CCL,0220,2.9
80,201920,CCO,3813,3.5
80,201920,CCO,3802,6.0
80,201920,CCO,3903,5.6
80,201920,CCO,3844,4.0
80,201920,CCL,1262,5.5
80,201920,CCL,2264,3.5
80,201920,CCL,2276,4.2
80,201922,CCL,1214,6.5
80,201922,CCO,3836,3.9
80,201922,CCL,1212,1.4
80,202020,CCO,0001,5.0
80,202020,CCL,2311,4.2
80,202020,CCO,3900,2.7
80,202020,CCO,3812,1.6
80,202020,CCL,2272,2.8
81,201920,CCO,3836,1.9
81,201920,CCL,2240,4.4
81,201920,CCO,3803,4.8
81,201920,CCO,3812,4.2
81,201920,CCO,3903,3.3
81,201920,CCL,2218,5.7
81,201920,CCL,2351,2.2
81,201922,CCO,3801,4.7
81,201922,CCL,2361,6.3
81,201922,CCL,2372,4.9
83,201920,CCL,2274,2.3
83,201920,CCL,2331,5.1
83,201920,CCL,0120,3.1
83,201920,CCO,3903,1.5
83,201920,CCL,2278,2.6
83,201922,CCL,2230,2.1
83,201922,CCL,2242,5.7
83,201922,CCO,3900,3.3
83,201922,CCO,3813,6.0
84,201920,CCL,2242,2.8
84,201920,CCO,3906,1.7
84,201920,CCL,2363,1.4
84,201920,CCL,2373,5.1
84,201920,CCO,3840,5.9
84,201922,CCO,3826,2.7
84,201922,CCO,3843,6.9
84,201922,CCL,2276,6.8
84,201922,CCO,3828,3.1
84,201922,CCO,3827,4.3
84,202022,CCL,2371,3.1
84,202022,CCL,2331,5.9
84,202022,CCO,3844,3.7
84,202022,CCO,3400,1.3
84,202022,CCO,3821,6.6
84,202022,CCL,2312,5.3
84,202022,CCO,3813,1.4
84,202120,CCL,2278,2.5
84,202120,CCO,3839,6.7
84,202120,CCL,0120,4.8
84,202120,CCO,3846,1.2
84,202120,CCO,3840,3.9
84,202120,CCL,1212,3.2
84,202120,CCL,2353,3.1
85,201920,CCO,3903,3.2
85,201920,CCL,2250,6.1
85,201920,CCL,2301,2.8
85,202120,CCL,2242,6.3
85,202120,CCL,2373,2.1
85,202120,CCL,2274,1.7
85,202120,CCO,3813,1.9
85,202120,CCL,2321,3.7
86,201920,CCO,3841,4.9
86,201920,CCL,2321,3.3
86,201920,CCL,2264,6.5
86,201920,CCO,3903,2.3
86,201920,CCO,3400,2.8
86,201922,CCL,2272,1.4
86,201922,CCL,2331,1.4
86,201922,CCL,2301,1.8
86,202020,CCL,0220,4.5
86,202020,CCL,2220,6.1
86,202020,CCL,2322,6.7
86,202020,CCL,2344,5.0
86,202020,CCO,3803,4.5
86,202020,CCL,2290,4.0
86,202020,CCO,3829,1.4
86,202022,CCL,1212,6.2
86,202022,CCL,2383,6.0
86,202022,CCO,3816,5.6
86,202022,CCO,3819,5.6
86,202022,CCL,1280,1.8
86,202120,CCO,3824,4.1
86,202120,CCL,2322,3.2
86,202120,CCL,2290,6.1
86,202120,CCO,3840,2.4
86,202120,CCL,0220,1.2
86,202120,CCO,3816,6.6
86,202120,CCL,2276,6.5
87,201920,CCL,2218,4.3
87,201920,CCL,1290,5.5
87,201920,CCL,2301,4.9
87,201920,CCO,3819,3.0
87,201920,CCO,3818,2.4
87,201920,CCL,1202,6.4
87,201922,CCO,3906,4.0
87,201922,CCO,3846,4.2
87,201922,CCO,3814,2.6
87,202020,CCO,3825,3.3
87,202020,CCO,3801,1.0
87,202020,CCO,3827,4.4
87,202020,CCL,2242,4.6
87,202020,CCO,3815,1.8
87,202020,CCL,2242,6.9
87,202020,CCO,3838,3.1
87,202022,CCO,3833,1.6
87,202022,CCO,3840,3.2
87,202022,CCO,3831,1.4
87,202022,CCO,3800,6.3
87,202022,CCL,2371,1.5
87,202022,CCO,3813,5.4
87,202022,CCO,3811,5.7
87,202120,CCO,3838,4.3
87,202120,CCO,3902,4.8
87,202120,CCO,3824,5.4
87,202120,CCO,3844,2.3
87,202120,CCL,2280,2.7
87,202120,CCL,2362,4.8
87,202120,CCO,3819,2.8
88,201920,CCO,3836,7.0
88,201920,CCO,3845,4.9
88,201920,CCL,2343,4.6
88,201920,CCL,2362,6.3
88,201922,CCL,2372,1.8
88,201922,CCO,3832,4.6
88,201922,CCO,3841,4.3
88,202020,CCL,2276,5.3
88,202020,CCO,3836,4.4
88,202020,CCO,3843,4.6
88,202020,CCO,3814,5.5
88,202020,CCO,3817,5.6
88,202020,CCL,2230,4.1
88,202022,CCL,2311,2.8
88,202022,CCO,3821,4.8
88,202022,CCL,2384,1.9
88,202022,CCL,2218,1.0
88,202120,CCL,1290,2.7
88,202120,CCO,3817,3.9
88,202120,CCO,3841,2.6
88,202120,CCL,0220,6.2
89,201920,CCO,3817,3.6
89,201920,CCL,2373,4.4
89,201920,CCL,2278,5.8
89,201922,CCO,3843,3.7
89,201922,CCO,3906,6.3
89,201922,CCO,3842,5.6
89,201922,CCO,3842,3.2
89,201922,CCL,2344,5.8
89,201922,CCL,1212,1.6
89,201922,CCO,3811,2.9
89,202020,CCO,3906,4.9
89,202020,CCO,3846,2.8
89,202020,CCO,3900,1.2
89,202020,CCL,2220,6.5
89,202020,CCL,2361,2.4
89,202022,CCL,2374,5.1
89,202022,CCO,3842,5.7
89,202022,CCO,0001,3.2
89,202022,CCL,2230,1.7
89,202022,CCL,2250,4.2
89,202022,CCO,3821,2.3
89,202022,CCL,2384,2.5
89,202120,CCL,2280,1.5
89,202120,CCL,2302,6.2
89,202120,CCL,2220,4.6
90,201922,CCL,2250,3.4
90,201922,CCL,1214,4.9
90,201922,CCL,2278,4.5
90,201922,CCL,2250,4.7
90,202020,CCO,3833,3.6
90,202020,CCO,3802,4.9
90,202022,CCO,3842,1.1
90,202022,CCO,3832,1.1
90,202022,CCO,3900,2.1
90,202120,CCO,3831,4.9
90,202120,CCO,3802,5.5
90,202120,CCL,2312,5.6
90,202120,CCO,3828,6.5
90,202120,CCL,2312,3.4
91,201920,CCL,2341,4.4
91,201920,CCO,3900,5.4
91,201920,CCO,3821,3.6
91,201920,CCL,2250,2.3
91,201920,CCL,1202,4.2
91,201920,CCL,2362,6.7
91,201920,CCL,2362,5.5
91,201922,CCL,2280,6.3
91,201922,CCO,3901,1.6
91,201922,CCO,3833,6.6
91,201922,CCO,3842,2.2
91,201922,CCL,2321,5.6
91,201922,CCL,1262,6.7
91,201922,CCO,3901,2.5
91,202020,CCO,3832,5.9
91,202020,CCO,3829,6.1
91,202020,CCO,3817,3.5
91,202022,CCO,3828,4.5
91,202022,CCO,3826,3.1
91,202022,CCL,2383,3.2
91,202120,CCL,2220,2.1
91,202120,CCL,0220,1.2
91,202120,CCO,3826,1.7
91,202120,CCL,2322,3.1
91,202120,CCO,3800,4.6
92,201920,CCO,3836,6.7
92,201920,CCO,3810,5.7
92,201920,CCO,3835,5.0
92,201920,CCL,2242,4.0
92,201920,CCO,3818,2.3
92,201920,CCO,3828,1.8
92,201920,CCO,3833,3.3
92,201922,CCO,3813,5.4
92,201922,CCL,1214,4.3
92,201922,CCO,3846,2.8
92,201922,CCO,3821,4.1
92,201922,CCO,2290,5.9
92,201922,CCL,2218,3.3
92,201922,CCL,2363,6.3
92,202020,CCO,3833,2.3
92,202020,CCL,2332,5.9
92,202020,CCO,3829,1.3
92,202022,CCO,3812,1.3
92,202022,CCL,2290,1.6
92,202022,CCL,2352,3.1
92,202022,CCL,2391,1.9
92,202022,CCL,1210,3.1
92,202022,CCL,2332,5.1
92,202022,CCO,3844,4.1
93,201920,CCO,3844,7.0
93,201920,CCO,3836,3.7
93,201922,CCO,3829,3.1
93,201922,CCL,2274,5.7
93,201922,CCL,1280,5.4
93,201922,CCO,3836,2.2
93,201922,CCO,3842,6.5
93,202020,CCL,2290,2.7
93,202020,CCL,2278,4.0
93,202020,CCL,2264,5.3
93,202022,CCO,3821,5.8
93,202022,CCL,2382,7.0
93,202022,CCL,2351,6.8
93,202022,CCO,3800,5.3
93,202120,CCO,3847,2.8
93,202120,CCL,1280,5.5
93,202120,CCL,2361,5.7
93,202120,CCL,2331,6.2
93,202120,CCL,1280,5.2
94,201920,CCL,2276,5.2
94,201920,CCL,2276,1.2
94,201922,CCL,1202,3.9
94,201922,CCL,2321,1.1
94,201922,CCL,1280,5.5
94,201922,CCL,2382,6.5
94,202020,CCL,2312,6.0
94,202020,CCL,2362,2.9
94,202020,CCO,3400,3.1
94,202020,CCL,1210,4.5
94,202022,CCO,3400,4.4
94,202022,CCO,3822,5.3
94,202022,CCL,2264,5.6
95,201920,CCL,2344,5.3
95,201920,CCO,3320,1.7
95,201920,CCO,3828,6.5
95,201922,CCL,2371,2.1
95,201922,CCO,3828,6.1
95,201922,CCL,2332,5.9
95,201922,CCL,1214,6.5
95,201922,CCO,3827,4.7
95,202020,CCL,2302,4.0
95,202020,CCL,2321,3.8
95,202020,CCL,2272,5.2
95,202020,CCL,2391,4.5
95,202020,CCL,2352,1.1
95,202022,CCL,2290,6.0
95,202022,CCO,3822,3.3
95,202022,CCL,2361,2.1
95,202022,CCO,3829,6.2
95,202022,CCL,1214,5.8
95,202022,CCO,3803,1.1
95,202120,CCO,2290,6.5
95,202120,CCO,3900,5.1
95,202120,CCL,2322,5.9
95,202120,CCL,1212,2.0
96,201920,CCO,3831,5.5
96,201920,CCO,3826,1.2
96,201922,CCO,3902,4.9
96,201922,CCL,2321,6.3
96,201922,CCL,2374,4.0
96,201922,CCO,3801,3.6
96,201922,CCL,2373,6.4
96,202020,CCO,3831,2.9
96,202020,CCO,0001,5.9
96,202020,CCO,3819,6.6
96,202020,CCL,2382,2.5
96,202020,CCO,3803,4.7
96,202020,CCO,3831,2.2
96,202020,CCO,3801,4.1
96,202022,CCO,3841,4.2
96,202022,CCL,2343,6.2
96,202022,CCO,3320,2.8
96,202022,CCO,3818,1.7
96,202022,CCO,3845,5.4
96,202022,CCL,2218,4.6
96,202120,CCO,3836,3.2
96,202120,CCL,2371,4.8
96,202120,CCO,3802,2.7
97,201920,CCL,2230,4.0
97,201920,CCO,3900,6.8
97,201920,CCL,2250,6.7
97,201920,CCO,3831,5.5
97,201920,CCL,0220,5.2
97,201922,CCL,2322,3.8
97,201922,CCL,1212,3.7
97,202020,CCO,3837,2.9
97,202020,CCL,2274,6.8
97,202020,CCL,2230,4.3
97,202120,CCL,2374,5.5
97,202120,CCL,2381,4.2
97,202120,CCL,1214,6.3
97,202120,CCO,3802,6.9
97,202120,CCO,3900,6.9
98,202022,CCL,2363,1.5
98,202022,CCL,1202,2.8
98,202022,CCL,1260,1.5
98,202120,CCO,3829,2.6
98,202120,CCO,3837,3.5
98,202120,CCL,2372,1.9
99,201920,CCL,2361,6.7
99,201920,CCL,2272,3.2
99,201920,CCL,1290,3.7
99,201920,CCL,1210,3.0
99,201920,CCL,2373,2.1
99,201920,CCO,3814,2.4
99,201920,CCL,2391,4.8
99,201922,CCO,3801,5.9
99,201922,CCL,2278,1.3
99,201922,CCO,3824,1.0
99,202020,CCL,1262,1.5
99,202020,CCL,2290,6.5
99,202020,CCL,2332,5.0
99,202022,CCL,2361,1.9
99,202022,CCO,3320,1.3
99,202022,CCL,2274,3.3
99,202022,CCO,3829,2.8
99,202022,CCO,3839,7.0
99,202022,CCO,3803,5.3
99,202120,CCO,3836,4.0
99,202120,CCL,2352,6.8
99,202120,CCL,2372,1.5
99,202120,CCL,2331,1.6
99,202120,CCO,3811,2.8
99,202120,CCO,3828,2.1
99,202120,CCO,3818,3.2
100,201920,CCL,2220,1.4
100,201920,CCO,3828,2.1
100,201922,CCL,2276,4.5
100,201922,CCO,3831,3.9
100,201922,CCL,2280,3.3
100,201922,CCL,2230,4.8
100,201922,CCL,2276,5.6
100,201922,CCO,3827,2.2
100,201922,CCO,3826,6.3
100,202020,CCO,3827,6.8
100,202020,CCL,2272,5.1
100,202020,CCL,2383,2.2
100,202020,CCL,2383,3.1
100,202020,CCL,2351,3.6
100,202020,CCL,2332,6.3
100,202020,CCO,3838,1.8
100,202022,CCO,3906,4.8
100,202022,CCO,3820,2.1
100,202022,CCO,3906,4.4
100,202022,CCL,1216,3.3
100,202022,CCL,1262,3.1
100,202022,CCL,2220,5.3
100,202022,CCL,2301,2.2
